<?xml version="1.0" encoding="utf-8"?><Data><Data_Row><lis_Barcode>2943156181</lis_Barcode><sample_no></sample_no><pat_no>2001916669</pat_no><pat_id>2001916669</pat_id><pat_name>罗冬红</pat_name><pat_bedNo></pat_bedNo><spouse_info></spouse_info><blood_time>2022-05-21 09:01:03</blood_time><pat_sex>0</pat_sex><pat_birthday>1994-11-12 00:00:00</pat_birthday><pat_age>27</pat_age><pat_ageunit>0</pat_ageunit><pat_tel>18318011671</pat_tel><dept_name>妇科门诊(番禺)</dept_name><doctor_name>黄玲</doctor_name><doctor_tel></doctor_tel><clinical_diag>[西]月经不规则</clinical_diag><samp_name>血清</samp_name><pat_Remark></pat_Remark><Pat_From>门诊</Pat_From><Pat_ID></Pat_ID><pat_CardNo></pat_CardNo><LisItems><lis_item_code>32025</lis_item_code><lis_item_name>雄激素5项(爱湾)</lis_item_name><SubItems><lis_subitem_code>32378</lis_subitem_code><lis_subitem_name>睾酮</lis_subitem_name></SubItems><SubItems><lis_subitem_code>32379</lis_subitem_code><lis_subitem_name>雄烯二酮</lis_subitem_name></SubItems><SubItems><lis_subitem_code>32380</lis_subitem_code><lis_subitem_name>硫酸脱氢表雄酮</lis_subitem_name></SubItems><SubItems><lis_subitem_code>32381</lis_subitem_code><lis_subitem_name>脱氢表雄酮</lis_subitem_name></SubItems><SubItems><lis_subitem_code>32383</lis_subitem_code><lis_subitem_name>双氢睾酮</lis_subitem_name></SubItems></LisItems></Data_Row></Data>